Issue ID,Category,Severity,CVSS Score,Title,Description,File,Line,CWE,Recommendation,Estimated Fix Time,Priority,Status,Compliance Impact
SEC-001,Secrets,CRITICAL,9.8,Supabase Service Role Key Exposed,Service role key bypasses all Row Level Security policies,.env.local,4,CWE-798,Rotate key immediately in Supabase dashboard; audit database logs; never commit this key,30 minutes,1,Open,SOC 2 CC6.1 FAIL
SEC-002,Secrets,CRITICAL,8.5,NextAuth Secret Exposed,Exposed secret allows session hijacking and token forgery,.env.local,12,CWE-798,Generate new secret (openssl rand -base64 32); update production; invalidate sessions,30 minutes,1,Open,SOC 2 CC6.1 FAIL
SEC-003,Secrets,CRITICAL,8.0,Supabase Access Token Exposed,Personal access token grants management API access,.env.local,34,CWE-798,Revoke token in Supabase dashboard; generate new token; review access logs,20 minutes,1,Open,SOC 2 CC6.1 FAIL
SEC-004,Secrets,HIGH,6.5,Supabase Anon Key Exposed,Production anon key committed to filesystem,.env.local,3,CWE-522,Rotate key; ensure .env.local never committed,15 minutes,1,Open,SOC 2 CC6.1 FAIL
SEC-005,Security,HIGH,7.0,CORS Wildcard Origin Allowed,CORS allows all origins (*) if ALLOWED_ORIGINS not set,src/lib/middleware/auth.ts,255,CWE-942,Set explicit ALLOWED_ORIGINS; never use wildcard in production,30 minutes,1,Open,SOC 2 CC6.6 FAIL
SEC-006,Security,HIGH,7.5,Rate Limiting Not Applied,Middleware exists but not used on any API routes,src/lib/middleware/auth.ts,86,CWE-307,Apply withAuth to all routes; use Redis for production,4 hours,1,Open,SOC 2 CC6.6 FAIL
SEC-007,Security,MEDIUM,4.3,Open Redirect Vulnerability,Unvalidated redirect_to parameter in auth callback,src/app/(auth)/callback/page.tsx,113,CWE-601,Validate redirect_to against allowlist,1 hour,2,Open,SOC 2 CC6.6 PARTIAL
SEC-008,Security,HIGH,6.5,Missing Content-Security-Policy Header,No CSP header configured to prevent XSS attacks,middleware.ts,N/A,CWE-693,Add CSP header to middleware,2 hours,1,Open,SOC 2 CC6.7 FAIL
SEC-009,Security,HIGH,5.0,Missing HSTS Header,No Strict-Transport-Security header to enforce HTTPS,middleware.ts,N/A,CWE-319,Add HSTS header with max-age=31536000,30 minutes,1,Open,SOC 2 CC6.7 FAIL
SEC-010,Security,LOW,2.0,Information Disclosure in Health Endpoint,Exposes NODE_ENV environment variable,src/app/api/health/route.ts,8,CWE-200,Remove environment information in production,15 minutes,4,Open,SOC 2 CC6.6 MINOR
DEP-001,Dependencies,MEDIUM,5.3,CVE-2025-62522 Vite Vulnerability,Files denied by server.fs.deny sent if URL ends with backslash on Windows,package.json (vite),N/A,CWE-22,Update vite to 7.1.11,10 minutes,2,Open,SOC 2 CC7.1 PARTIAL
DEP-002,Dependencies,MEDIUM,N/A,pdfjs-dist 147 versions behind,PDF parsing library significantly outdated (5.4.149 → 5.4.296),package.json,N/A,N/A,Update to 5.4.296; test PDF parsing thoroughly,2 hours,2,Open,SOC 2 CC7.1 PARTIAL
DEP-003,Dependencies,LOW,N/A,@types/uuid deprecated,Package no longer needed since uuid includes types,package.json,N/A,N/A,Remove @types/uuid from dependencies,5 minutes,3,Open,SOC 2 CC7.1 MINOR
DEP-004,Dependencies,MEDIUM,N/A,31 Outdated Packages,Multiple packages behind latest versions,package.json,N/A,N/A,Update packages using provided script,2 hours,3,Open,SOC 2 CC7.1 PARTIAL
QUAL-001,Code Quality,HIGH,5.4,XSS Vulnerability in Export Utility,innerHTML used without sanitization in print functionality,src/lib/utils/export-utils.ts,294,CWE-79,Sanitize HTML with DOMPurify or use DOM manipulation,1 hour,1,Open,SOC 2 CC6.1 FAIL
QUAL-002,Code Quality,MEDIUM,N/A,673 Console Statements,Excessive console logging causes performance degradation and data leakage,Multiple files,N/A,N/A,Replace with structured logger from lib/utils/logger.ts,4-6 hours,2,Open,SOC 2 CC8.1 PARTIAL
QUAL-003,Code Quality,MEDIUM,N/A,analysis-repository.ts Too Large,File is 2.7x recommended maximum size (1389 lines),src/lib/repositories/analysis-repository.ts,N/A,N/A,Split into 4 repositories by entity,1 day,3,Open,SOC 2 CC8.1 PARTIAL
QUAL-004,Code Quality,MEDIUM,N/A,history/page.tsx Too Large,Component is 2.3x recommended maximum size (1162 lines),src/app/(dashboard)/history/page.tsx,N/A,N/A,Extract into smaller components,1 day,3,Open,SOC 2 CC8.1 PARTIAL
QUAL-005,Code Quality,MEDIUM,N/A,11 Explicit any Type Usages,Bypasses TypeScript type safety,Multiple files,N/A,N/A,Replace with proper types from existing interfaces,4-6 hours,3,Open,SOC 2 CC8.1 PARTIAL
QUAL-006,Code Quality,LOW,N/A,117 Async Functions Without Try-Catch,Unhandled promise rejections can crash application,Multiple files,N/A,N/A,Add try-catch blocks or implement global error boundary,1-2 days,3,Open,SOC 2 CC8.1 PARTIAL
QUAL-007,Code Quality,MEDIUM,N/A,Missing Input Validation on 5 API Routes,API routes lack Zod validation,Multiple API routes,N/A,CWE-20,Use withValidation middleware consistently,2-3 hours,2,Open,SOC 2 CC6.1 PARTIAL
AUTH-001,Authentication,MEDIUM,N/A,No Password Strength Requirements,Password requirements not enforced in code,src/lib/services/auth-service.ts,N/A,CWE-521,Implement minimum password requirements (12 chars; complexity),2 hours,2,Open,SOC 2 CC6.1 PARTIAL
AUTH-002,Authentication,MEDIUM,N/A,No Account Lockout After Failed Logins,Allows brute force attacks,src/lib/services/auth-service.ts,N/A,CWE-307,Add account lockout after 5 failed attempts,3 hours,2,Open,SOC 2 CC6.6 PARTIAL
AUTH-003,Authentication,LOW,N/A,No Multi-Factor Authentication,MFA not implemented,src/lib/services/auth-service.ts,N/A,N/A,Consider implementing MFA for enhanced security,1-2 days,4,Open,SOC 2 CC6.1 MINOR
AUTHZ-001,Authorization,MEDIUM,N/A,Only 45% API Routes Protected,6 of 11 API routes lack authentication checks,Multiple API routes,N/A,CWE-862,Add authentication to all protected routes,3-4 hours,2,Open,SOC 2 CC6.1 PARTIAL
FILE-001,File Upload,MEDIUM,N/A,No Virus Scanning for Uploads,Uploaded files not scanned for malware,src/lib/services/file-storage-service.ts,N/A,N/A,Implement virus scanning (ClamAV or cloud service),1-2 days,3,Open,SOC 2 CC6.1 PARTIAL
FILE-002,File Upload,LOW,N/A,Filenames Not Sanitized,Path traversal risk in filename handling,src/lib/services/file-storage-service.ts,N/A,CWE-22,Sanitize filenames to prevent path traversal,1 hour,3,Open,SOC 2 CC6.1 MINOR
REPO-001,Repository,HIGH,N/A,417 Uncommitted Changes,Large uncommitted changeset suggests incomplete work,Repository,N/A,N/A,Create atomic commits for logical groups,2-3 hours,2,Open,SOC 2 CC8.1 PARTIAL
REPO-002,Repository,MEDIUM,N/A,Documentation Sprawl,22 fix documentation files scattered at root,Repository root,N/A,N/A,Move to docs/archive/fixes/,30 minutes,3,Open,SOC 2 CC8.1 PARTIAL
REPO-003,Repository,LOW,N/A,Backup Files in Repository,Test file backup should not be committed,tests/unit/hooks/useDashboardData.test.ts.backup,N/A,N/A,Delete backup file,2 minutes,4,Open,SOC 2 CC8.1 MINOR
REPO-004,Repository,LOW,N/A,Stale Branches,2 merged branches should be deleted,Repository,N/A,N/A,Delete merged branches (development_dashboard; refactor/analysis-components-cleanup),5 minutes,4,Open,SOC 2 CC8.1 MINOR
COMP-001,Compliance,HIGH,N/A,No Audit Logging,Security events not logged for compliance,Multiple files,N/A,N/A,Implement audit logging for authentication; authorization; data access,2-3 days,2,Open,SOC 2 CC4.1 FAIL
COMP-002,Compliance,MEDIUM,N/A,No Security Policy Documentation,Policies not documented,docs/,N/A,N/A,Document security policies and procedures,1 day,3,Open,SOC 2 A1.2 PARTIAL
